id,name,parent_id/id
res_partner_category_ape_0111z,"Culture de céréales (à l'exception du riz), de légumineuses et de graines oléagineuses",res_partner_category_ape
res_partner_category_ape_0112z,Culture du riz,res_partner_category_ape
res_partner_category_ape_0113z,"Culture de légumes, de melons, de racines et de tubercules",res_partner_category_ape
res_partner_category_ape_0114z,Culture de la canne à sucre,res_partner_category_ape
res_partner_category_ape_0115z,Culture du tabac,res_partner_category_ape
res_partner_category_ape_0116z,Culture de plantes à fibres,res_partner_category_ape
res_partner_category_ape_0119z,Autres cultures non permanentes,res_partner_category_ape
res_partner_category_ape_0121z,Culture de la vigne,res_partner_category_ape
res_partner_category_ape_0122z,Culture de fruits tropicaux et subtropicaux,res_partner_category_ape
res_partner_category_ape_0123z,Culture d'agrumes,res_partner_category_ape
res_partner_category_ape_0124z,Culture de fruits à pépins et à noyau,res_partner_category_ape
res_partner_category_ape_0125z,Culture d'autres fruits d'arbres ou d'arbustes et de fruits à coque,res_partner_category_ape
res_partner_category_ape_0126z,Culture de fruits oléagineux,res_partner_category_ape
res_partner_category_ape_0127z,Culture de plantes à boissons,res_partner_category_ape
res_partner_category_ape_0128z,"Culture de plantes à épices, aromatiques, médicinales et pharmaceutiques",res_partner_category_ape
res_partner_category_ape_0129z,Autres cultures permanentes,res_partner_category_ape
res_partner_category_ape_0130z,Reproduction de plantes,res_partner_category_ape
res_partner_category_ape_0141z,Élevage de vaches laitières,res_partner_category_ape
res_partner_category_ape_0142z,Élevage d'autres bovins et de buffles,res_partner_category_ape
res_partner_category_ape_0143z,Élevage de chevaux et d'autres équidés,res_partner_category_ape
res_partner_category_ape_0144z,Élevage de chameaux et d'autres camélidés,res_partner_category_ape
res_partner_category_ape_0145z,Élevage d'ovins et de caprins,res_partner_category_ape
res_partner_category_ape_0146z,Élevage de porcins,res_partner_category_ape
res_partner_category_ape_0147z,Élevage de volailles,res_partner_category_ape
res_partner_category_ape_0149z,Élevage d'autres animaux,res_partner_category_ape
res_partner_category_ape_0150z,Culture et élevage associés,res_partner_category_ape
res_partner_category_ape_0161z,Activités de soutien aux cultures,res_partner_category_ape
res_partner_category_ape_0162z,Activités de soutien à la production animale,res_partner_category_ape
res_partner_category_ape_0163z,Traitement primaire des récoltes,res_partner_category_ape
res_partner_category_ape_0164z,Traitement des semences,res_partner_category_ape
res_partner_category_ape_0170z,"Chasse, piégeage et services annexes",res_partner_category_ape
res_partner_category_ape_0210z,Sylviculture et autres activités forestières,res_partner_category_ape
res_partner_category_ape_0220z,Exploitation forestière,res_partner_category_ape
res_partner_category_ape_0230z,Récolte de produits forestiers non ligneux poussant à l'état sauvage,res_partner_category_ape
res_partner_category_ape_0240z,Services de soutien à l'exploitation forestière,res_partner_category_ape
res_partner_category_ape_0311z,Pêche en mer,res_partner_category_ape
res_partner_category_ape_0312z,Pêche en eau douce,res_partner_category_ape
res_partner_category_ape_0321z,Aquaculture en mer,res_partner_category_ape
res_partner_category_ape_0322z,Aquaculture en eau douce,res_partner_category_ape
res_partner_category_ape_0510z,Extraction de houille,res_partner_category_ape
res_partner_category_ape_0520z,Extraction de lignite,res_partner_category_ape
res_partner_category_ape_0610z,Extraction de pétrole brut,res_partner_category_ape
res_partner_category_ape_0620z,Extraction de gaz naturel,res_partner_category_ape
res_partner_category_ape_0710z,Extraction de minerais de fer,res_partner_category_ape
res_partner_category_ape_0721z,Extraction de minerais d'uranium et de thorium,res_partner_category_ape
res_partner_category_ape_0729z,Extraction d'autres minerais de métaux non ferreux,res_partner_category_ape
res_partner_category_ape_0811z,"Extraction de pierres ornementales et de construction, de calcaire industriel, de gypse, de craie et d'ardoise",res_partner_category_ape
res_partner_category_ape_0812z,"Exploitation de gravières et sablières, extraction d'argiles et de kaolin",res_partner_category_ape
res_partner_category_ape_0891z,Extraction des minéraux chimiques et d'engrais minéraux,res_partner_category_ape
res_partner_category_ape_0892z,Extraction de tourbe,res_partner_category_ape
res_partner_category_ape_0893z,Production de sel,res_partner_category_ape
res_partner_category_ape_0899z,Autres activités extractives n.c.a.,res_partner_category_ape
res_partner_category_ape_0910z,Activités de soutien à l'extraction d'hydrocarbures,res_partner_category_ape
res_partner_category_ape_0990z,Activités de soutien aux autres industries extractives,res_partner_category_ape
res_partner_category_ape_1011z,Transformation et conservation de la viande de boucherie,res_partner_category_ape
res_partner_category_ape_1012z,Transformation et conservation de la viande de volaille,res_partner_category_ape
res_partner_category_ape_1013a,Préparation industrielle de produits à base de viande,res_partner_category_ape
res_partner_category_ape_1013b,Charcuterie,res_partner_category_ape
res_partner_category_ape_1020z,"Transformation et conservation de poisson, de crustacés et de mollusques",res_partner_category_ape
res_partner_category_ape_1031z,Transformation et conservation de pommes de terre,res_partner_category_ape
res_partner_category_ape_1032z,Préparation de jus de fruits et légumes,res_partner_category_ape
res_partner_category_ape_1039a,Autre transformation et conservation de légumes,res_partner_category_ape
res_partner_category_ape_1039b,Transformation et conservation de fruits,res_partner_category_ape
res_partner_category_ape_1041a,Fabrication d'huiles et graisses brutes,res_partner_category_ape
res_partner_category_ape_1041b,Fabrication d'huiles et graisses raffinées,res_partner_category_ape
res_partner_category_ape_1042z,Fabrication de margarine et graisses comestibles similaires,res_partner_category_ape
res_partner_category_ape_1051a,Fabrication de lait liquide et de produits frais,res_partner_category_ape
res_partner_category_ape_1051b,Fabrication de beurre,res_partner_category_ape
res_partner_category_ape_1051c,Fabrication de fromage,res_partner_category_ape
res_partner_category_ape_1051d,Fabrication d'autres produits laitiers,res_partner_category_ape
res_partner_category_ape_1052z,Fabrication de glaces et sorbets,res_partner_category_ape
res_partner_category_ape_1061a,Meunerie,res_partner_category_ape
res_partner_category_ape_1061b,Autres activités du travail des grains,res_partner_category_ape
res_partner_category_ape_1062z,Fabrication de produits amylacés,res_partner_category_ape
res_partner_category_ape_1071a,Fabrication industrielle de pain et de pâtisserie fraîche,res_partner_category_ape
res_partner_category_ape_1071b,Cuisson de produits de boulangerie,res_partner_category_ape
res_partner_category_ape_1071c,Boulangerie et boulangerie-pâtisserie,res_partner_category_ape
res_partner_category_ape_1071d,Pâtisserie,res_partner_category_ape
res_partner_category_ape_1072z,"Fabrication de biscuits, biscottes et pâtisseries de conservation",res_partner_category_ape
res_partner_category_ape_1073z,Fabrication de pâtes alimentaires,res_partner_category_ape
res_partner_category_ape_1081z,Fabrication de sucre,res_partner_category_ape
res_partner_category_ape_1082z,"Fabrication de cacao, chocolat et de produits de confiserie",res_partner_category_ape
res_partner_category_ape_1083z,Transformation du thé et du café,res_partner_category_ape
res_partner_category_ape_1084z,Fabrication de condiments et assaisonnements,res_partner_category_ape
res_partner_category_ape_1085z,Fabrication de plats préparés,res_partner_category_ape
res_partner_category_ape_1086z,Fabrication d'aliments homogénéisés et diététiques,res_partner_category_ape
res_partner_category_ape_1089z,Fabrication d'autres produits alimentaires n.c.a.,res_partner_category_ape
res_partner_category_ape_1091z,Fabrication d'aliments pour animaux de ferme,res_partner_category_ape
res_partner_category_ape_1092z,Fabrication d'aliments pour animaux de compagnie,res_partner_category_ape
res_partner_category_ape_1101z,Production de boissons alcooliques distillées,res_partner_category_ape
res_partner_category_ape_1102a,Fabrication de vins effervescents,res_partner_category_ape
res_partner_category_ape_1102b,Vinification,res_partner_category_ape
res_partner_category_ape_1103z,Fabrication de cidre et de vins de fruits,res_partner_category_ape
res_partner_category_ape_1104z,Production d'autres boissons fermentées non distillées,res_partner_category_ape
res_partner_category_ape_1105z,Fabrication de bière,res_partner_category_ape
res_partner_category_ape_1106z,Fabrication de malt,res_partner_category_ape
res_partner_category_ape_1107a,Industrie des eaux de table,res_partner_category_ape
res_partner_category_ape_1107b,Production de boissons rafraîchissantes,res_partner_category_ape
res_partner_category_ape_1200z,Fabrication de produits à base de tabac,res_partner_category_ape
res_partner_category_ape_1310z,Préparation de fibres textiles et filature,res_partner_category_ape
res_partner_category_ape_1320z,Tissage,res_partner_category_ape
res_partner_category_ape_1330z,Ennoblissement textile,res_partner_category_ape
res_partner_category_ape_1391z,Fabrication d'étoffes à mailles,res_partner_category_ape
res_partner_category_ape_1392z,"Fabrication d'articles textiles, sauf habillement",res_partner_category_ape
res_partner_category_ape_1393z,Fabrication de tapis et moquettes,res_partner_category_ape
res_partner_category_ape_1394z,"Fabrication de ficelles, cordes et filets",res_partner_category_ape
res_partner_category_ape_1395z,"Fabrication de non-tissés, sauf habillement",res_partner_category_ape
res_partner_category_ape_1396z,Fabrication d'autres textiles techniques et industriels,res_partner_category_ape
res_partner_category_ape_1399z,Fabrication d'autres textiles n.c.a.,res_partner_category_ape
res_partner_category_ape_1411z,Fabrication de vêtements en cuir,res_partner_category_ape
res_partner_category_ape_1412z,Fabrication de vêtements de travail,res_partner_category_ape
res_partner_category_ape_1413z,Fabrication de vêtements de dessus,res_partner_category_ape
res_partner_category_ape_1414z,Fabrication de vêtements de dessous,res_partner_category_ape
res_partner_category_ape_1419z,Fabrication d'autres vêtements et accessoires,res_partner_category_ape
res_partner_category_ape_1420z,Fabrication d'articles en fourrure,res_partner_category_ape
res_partner_category_ape_1431z,Fabrication d'articles chaussants à mailles,res_partner_category_ape
res_partner_category_ape_1439z,Fabrication d'autres articles à mailles,res_partner_category_ape
res_partner_category_ape_1511z,"""Apprêt et tannage des cuirs",res_partner_category_ape
res_partner_category_ape_1512z,"Fabrication d'articles de voyage, de maroquinerie et de sellerie",res_partner_category_ape
res_partner_category_ape_1520z,Fabrication de chaussures,res_partner_category_ape
res_partner_category_ape_1610a,"Sciage et rabotage du bois, hors imprégnation",res_partner_category_ape
res_partner_category_ape_1610b,Imprégnation du bois,res_partner_category_ape
res_partner_category_ape_1621z,Fabrication de placage et de panneaux de bois,res_partner_category_ape
res_partner_category_ape_1622z,Fabrication de parquets assemblés,res_partner_category_ape
res_partner_category_ape_1623z,Fabrication de charpentes et d'autres menuiseries,res_partner_category_ape
res_partner_category_ape_1624z,Fabrication d'emballages en bois,res_partner_category_ape
res_partner_category_ape_1629z,"""Fabrication d'objets divers en bois",res_partner_category_ape
res_partner_category_ape_1711z,Fabrication de pâte à papier,res_partner_category_ape
res_partner_category_ape_1712z,Fabrication de papier et de carton,res_partner_category_ape
res_partner_category_ape_1721a,Fabrication de carton ondulé,res_partner_category_ape
res_partner_category_ape_1721b,Fabrication de cartonnages,res_partner_category_ape
res_partner_category_ape_1721c,Fabrication d'emballages en papier,res_partner_category_ape
res_partner_category_ape_1722z,Fabrication d'articles en papier à usage sanitaire ou domestique,res_partner_category_ape
res_partner_category_ape_1723z,Fabrication d'articles de papeterie,res_partner_category_ape
res_partner_category_ape_1724z,Fabrication de papiers peints,res_partner_category_ape
res_partner_category_ape_1729z,Fabrication d'autres articles en papier ou en carton,res_partner_category_ape
res_partner_category_ape_1811z,Imprimerie de journaux,res_partner_category_ape
res_partner_category_ape_1812z,Autre imprimerie (labeur),res_partner_category_ape
res_partner_category_ape_1813z,Activités de pré-presse,res_partner_category_ape
res_partner_category_ape_1814z,Reliure et activités connexes,res_partner_category_ape
res_partner_category_ape_1820z,Reproduction d'enregistrements,res_partner_category_ape
res_partner_category_ape_1910z,Cokéfaction,res_partner_category_ape
res_partner_category_ape_1920z,Raffinage du pétrole,res_partner_category_ape
res_partner_category_ape_2011z,Fabrication de gaz industriels,res_partner_category_ape
res_partner_category_ape_2012z,Fabrication de colorants et de pigments,res_partner_category_ape
res_partner_category_ape_2013a,Enrichissement et retraitement de matières nucléaires,res_partner_category_ape
res_partner_category_ape_2013b,Fabrication d'autres produits chimiques inorganiques de base n.c.a.,res_partner_category_ape
res_partner_category_ape_2014z,Fabrication d'autres produits chimiques organiques de base,res_partner_category_ape
res_partner_category_ape_2015z,Fabrication de produits azotés et d'engrais,res_partner_category_ape
res_partner_category_ape_2016z,Fabrication de matières plastiques de base,res_partner_category_ape
res_partner_category_ape_2017z,Fabrication de caoutchouc synthétique,res_partner_category_ape
res_partner_category_ape_2020z,Fabrication de pesticides et d'autres produits agrochimiques,res_partner_category_ape
res_partner_category_ape_2030z,"Fabrication de peintures, vernis, encres et mastics",res_partner_category_ape
res_partner_category_ape_2041z,"Fabrication de savons, détergents et produits d'entretien",res_partner_category_ape
res_partner_category_ape_2042z,Fabrication de parfums et de produits pour la toilette,res_partner_category_ape
res_partner_category_ape_2051z,Fabrication de produits explosifs,res_partner_category_ape
res_partner_category_ape_2052z,Fabrication de colles,res_partner_category_ape
res_partner_category_ape_2053z,Fabrication d'huiles essentielles,res_partner_category_ape
res_partner_category_ape_2059z,Fabrication d'autres produits chimiques n.c.a.,res_partner_category_ape
res_partner_category_ape_2060z,Fabrication de fibres artificielles ou synthétiques,res_partner_category_ape
res_partner_category_ape_2110z,Fabrication de produits pharmaceutiques de base,res_partner_category_ape
res_partner_category_ape_2120z,Fabrication de préparations pharmaceutiques,res_partner_category_ape
res_partner_category_ape_2211z,Fabrication et rechapage de pneumatiques,res_partner_category_ape
res_partner_category_ape_2219z,Fabrication d'autres articles en caoutchouc,res_partner_category_ape
res_partner_category_ape_2221z,"Fabrication de plaques, feuilles, tubes et profilés en matières plastiques",res_partner_category_ape
res_partner_category_ape_2222z,Fabrication d'emballages en matières plastiques,res_partner_category_ape
res_partner_category_ape_2223z,Fabrication d'éléments en matières plastiques pour la construction,res_partner_category_ape
res_partner_category_ape_2229a,Fabrication de pièces techniques à base de matières plastiques,res_partner_category_ape
res_partner_category_ape_2229b,Fabrication de produits de consommation courante en matières plastiques,res_partner_category_ape
res_partner_category_ape_2311z,Fabrication de verre plat,res_partner_category_ape
res_partner_category_ape_2312z,Façonnage et transformation du verre plat,res_partner_category_ape
res_partner_category_ape_2313z,Fabrication de verre creux,res_partner_category_ape
res_partner_category_ape_2314z,Fabrication de fibres de verre,res_partner_category_ape
res_partner_category_ape_2319z,"Fabrication et façonnage d'autres articles en verre, y compris verre technique",res_partner_category_ape
res_partner_category_ape_2320z,Fabrication de produits réfractaires,res_partner_category_ape
res_partner_category_ape_2331z,Fabrication de carreaux en céramique,res_partner_category_ape
res_partner_category_ape_2332z,"Fabrication de briques, tuiles et produits de construction, en terre cuite",res_partner_category_ape
res_partner_category_ape_2341z,Fabrication d'articles céramiques à usage domestique ou ornemental,res_partner_category_ape
res_partner_category_ape_2342z,Fabrication d'appareils sanitaires en céramique,res_partner_category_ape
res_partner_category_ape_2343z,Fabrication d'isolateurs et pièces isolantes en céramique,res_partner_category_ape
res_partner_category_ape_2344z,Fabrication d'autres produits céramiques à usage technique,res_partner_category_ape
res_partner_category_ape_2349z,Fabrication d'autres produits céramiques,res_partner_category_ape
res_partner_category_ape_2351z,Fabrication de ciment,res_partner_category_ape
res_partner_category_ape_2352z,Fabrication de chaux et plâtre,res_partner_category_ape
res_partner_category_ape_2361z,Fabrication d'éléments en béton pour la construction,res_partner_category_ape
res_partner_category_ape_2362z,Fabrication d'éléments en plâtre pour la construction,res_partner_category_ape
res_partner_category_ape_2363z,Fabrication de béton prêt à l'emploi,res_partner_category_ape
res_partner_category_ape_2364z,Fabrication de mortiers et bétons secs,res_partner_category_ape
res_partner_category_ape_2365z,Fabrication d'ouvrages en fibre-ciment,res_partner_category_ape
res_partner_category_ape_2369z,"Fabrication d'autres ouvrages en béton, en ciment ou en plâtre",res_partner_category_ape
res_partner_category_ape_2370z,"Taille, façonnage et finissage de pierres",res_partner_category_ape
res_partner_category_ape_2391z,Fabrication de produits abrasifs,res_partner_category_ape
res_partner_category_ape_2399z,Fabrication d'autres produits minéraux non métalliques n.c.a.,res_partner_category_ape
res_partner_category_ape_2410z,Sidérurgie,res_partner_category_ape
res_partner_category_ape_2420z,"Fabrication de tubes, tuyaux, profilés creux et accessoires correspondants en acier",res_partner_category_ape
res_partner_category_ape_2431z,Étirage à froid de barres,res_partner_category_ape
res_partner_category_ape_2432z,Laminage à froid de feuillards,res_partner_category_ape
res_partner_category_ape_2433z,Profilage à froid par formage ou pliage,res_partner_category_ape
res_partner_category_ape_2434z,Tréfilage à froid,res_partner_category_ape
res_partner_category_ape_2441z,Production de métaux précieux,res_partner_category_ape
res_partner_category_ape_2442z,Métallurgie de l'aluminium,res_partner_category_ape
res_partner_category_ape_2443z,"Métallurgie du plomb, du zinc ou de l'étain",res_partner_category_ape
res_partner_category_ape_2444z,Métallurgie du cuivre,res_partner_category_ape
res_partner_category_ape_2445z,Métallurgie des autres métaux non ferreux,res_partner_category_ape
res_partner_category_ape_2446z,Élaboration et transformation de matières nucléaires,res_partner_category_ape
res_partner_category_ape_2451z,Fonderie de fonte,res_partner_category_ape
res_partner_category_ape_2452z,Fonderie d'acier,res_partner_category_ape
res_partner_category_ape_2453z,Fonderie de métaux légers,res_partner_category_ape
res_partner_category_ape_2454z,Fonderie d'autres métaux non ferreux,res_partner_category_ape
res_partner_category_ape_2511z,Fabrication de structures métalliques et de parties de structures,res_partner_category_ape
res_partner_category_ape_2512z,Fabrication de portes et fenêtres en métal,res_partner_category_ape
res_partner_category_ape_2521z,Fabrication de radiateurs et de chaudières pour le chauffage central,res_partner_category_ape
res_partner_category_ape_2529z,"Fabrication d'autres réservoirs, citernes et conteneurs métalliques",res_partner_category_ape
res_partner_category_ape_2530z,"Fabrication de générateurs de vapeur, à l'exception des chaudières pour le chauffage central",res_partner_category_ape
res_partner_category_ape_2540z,Fabrication d'armes et de munitions,res_partner_category_ape
res_partner_category_ape_2550a,"""Forge, estampage, matriçage",res_partner_category_ape
res_partner_category_ape_2550b,"Découpage, emboutissage",res_partner_category_ape
res_partner_category_ape_2561z,Traitement et revêtement des métaux,res_partner_category_ape
res_partner_category_ape_2562a,Décolletage,res_partner_category_ape
res_partner_category_ape_2562b,Mécanique industrielle,res_partner_category_ape
res_partner_category_ape_2571z,Fabrication de coutellerie,res_partner_category_ape
res_partner_category_ape_2572z,Fabrication de serrures et de ferrures,res_partner_category_ape
res_partner_category_ape_2573a,Fabrication de moules et modèles,res_partner_category_ape
res_partner_category_ape_2573b,Fabrication d'autres outillages,res_partner_category_ape
res_partner_category_ape_2591z,Fabrication de fûts et emballages métalliques similaires,res_partner_category_ape
res_partner_category_ape_2592z,Fabrication d'emballages métalliques légers,res_partner_category_ape
res_partner_category_ape_2593z,"Fabrication d'articles en fils métalliques, de chaînes et de ressorts",res_partner_category_ape
res_partner_category_ape_2594z,Fabrication de vis et de boulons,res_partner_category_ape
res_partner_category_ape_2599a,Fabrication d'articles métalliques ménagers,res_partner_category_ape
res_partner_category_ape_2599b,Fabrication d'autres articles métalliques,res_partner_category_ape
res_partner_category_ape_2611z,Fabrication de composants électroniques,res_partner_category_ape
res_partner_category_ape_2612z,Fabrication de cartes électroniques assemblées,res_partner_category_ape
res_partner_category_ape_2620z,Fabrication d'ordinateurs et d'équipements périphériques,res_partner_category_ape
res_partner_category_ape_2630z,Fabrication d'équipements de communication,res_partner_category_ape
res_partner_category_ape_2640z,Fabrication de produits électroniques grand public,res_partner_category_ape
res_partner_category_ape_2651a,Fabrication d'équipements d'aide à la navigation,res_partner_category_ape
res_partner_category_ape_2651b,Fabrication d'instrumentation scientifique et technique,res_partner_category_ape
res_partner_category_ape_2652z,Horlogerie,res_partner_category_ape
res_partner_category_ape_2660z,"Fabrication d'équipements d'irradiation médicale, d'équipements électromédicaux et électrothérapeutiques",res_partner_category_ape
res_partner_category_ape_2670z,Fabrication de matériels optique et photographique,res_partner_category_ape
res_partner_category_ape_2680z,Fabrication de supports magnétiques et optiques,res_partner_category_ape
res_partner_category_ape_2711z,"Fabrication de moteurs, génératrices et transformateurs électriques",res_partner_category_ape
res_partner_category_ape_2712z,Fabrication de matériel de distribution et de commande électrique,res_partner_category_ape
res_partner_category_ape_2720z,Fabrication de piles et d'accumulateurs électriques,res_partner_category_ape
res_partner_category_ape_2731z,Fabrication de câbles de fibres optiques,res_partner_category_ape
res_partner_category_ape_2732z,Fabrication d'autres fils et câbles électroniques ou électriques,res_partner_category_ape
res_partner_category_ape_2733z,Fabrication de matériel d'installation électrique,res_partner_category_ape
res_partner_category_ape_2740z,Fabrication d'appareils d'éclairage électrique,res_partner_category_ape
res_partner_category_ape_2751z,Fabrication d'appareils électroménagers,res_partner_category_ape
res_partner_category_ape_2752z,Fabrication d'appareils ménagers non électriques,res_partner_category_ape
res_partner_category_ape_2790z,Fabrication d'autres matériels électriques,res_partner_category_ape
res_partner_category_ape_2811z,"Fabrication de moteurs et turbines, à l'exception des moteurs d'avions et de véhicules",res_partner_category_ape
res_partner_category_ape_2812z,Fabrication d'équipements hydrauliques et pneumatiques,res_partner_category_ape
res_partner_category_ape_2813z,Fabrication d'autres pompes et compresseurs,res_partner_category_ape
res_partner_category_ape_2814z,Fabrication d'autres articles de robinetterie,res_partner_category_ape
res_partner_category_ape_2815z,Fabrication d'engrenages et d'organes mécaniques de transmission,res_partner_category_ape
res_partner_category_ape_2821z,Fabrication de fours et brûleurs,res_partner_category_ape
res_partner_category_ape_2822z,Fabrication de matériel de levage et de manutention,res_partner_category_ape
res_partner_category_ape_2823z,Fabrication de machines et d'équipements de bureau (à l'exception des ordinateurs et équipements périphériques),res_partner_category_ape
res_partner_category_ape_2824z,Fabrication d'outillage portatif à moteur incorporé,res_partner_category_ape
res_partner_category_ape_2825z,Fabrication d'équipements aérauliques et frigorifiques industriels,res_partner_category_ape
res_partner_category_ape_2829a,"Fabrication d'équipements d'emballage, de conditionnement et de pesage",res_partner_category_ape
res_partner_category_ape_2829b,Fabrication d'autres machines d'usage général,res_partner_category_ape
res_partner_category_ape_2830z,Fabrication de machines agricoles et forestières,res_partner_category_ape
res_partner_category_ape_2841z,Fabrication de machines-outils pour le travail des métaux,res_partner_category_ape
res_partner_category_ape_2849z,Fabrication d'autres machines-outils,res_partner_category_ape
res_partner_category_ape_2891z,Fabrication de machines pour la métallurgie,res_partner_category_ape
res_partner_category_ape_2892z,Fabrication de machines pour l'extraction ou la construction,res_partner_category_ape
res_partner_category_ape_2893z,Fabrication de machines pour l'industrie agro-alimentaire,res_partner_category_ape
res_partner_category_ape_2894z,Fabrication de machines pour les industries textiles,res_partner_category_ape
res_partner_category_ape_2895z,Fabrication de machines pour les industries du papier et du carton,res_partner_category_ape
res_partner_category_ape_2896z,Fabrication de machines pour le travail du caoutchouc ou des plastiques,res_partner_category_ape
res_partner_category_ape_2899a,Fabrication de machines d'imprimerie,res_partner_category_ape
res_partner_category_ape_2899b,Fabrication d'autres machines spécialisées,res_partner_category_ape
res_partner_category_ape_2910z,Construction de véhicules automobiles,res_partner_category_ape
res_partner_category_ape_2920z,Fabrication de carrosseries et remorques,res_partner_category_ape
res_partner_category_ape_2931z,Fabrication d'équipements électriques et électroniques automobiles,res_partner_category_ape
res_partner_category_ape_2932z,Fabrication d'autres équipements automobiles,res_partner_category_ape
res_partner_category_ape_3011z,Construction de navires et de structures flottantes,res_partner_category_ape
res_partner_category_ape_3012z,Construction de bateaux de plaisance,res_partner_category_ape
res_partner_category_ape_3020z,Construction de locomotives et d'autre matériel ferroviaire roulant,res_partner_category_ape
res_partner_category_ape_3030z,Construction aéronautique et spatiale,res_partner_category_ape
res_partner_category_ape_3040z,Construction de véhicules militaires de combat,res_partner_category_ape
res_partner_category_ape_3091z,Fabrication de motocycles,res_partner_category_ape
res_partner_category_ape_3092z,Fabrication de bicyclettes et de véhicules pour invalides,res_partner_category_ape
res_partner_category_ape_3099z,Fabrication d'autres équipements de transport n.c.a.,res_partner_category_ape
res_partner_category_ape_3101z,Fabrication de meubles de bureau et de magasin,res_partner_category_ape
res_partner_category_ape_3102z,Fabrication de meubles de cuisine,res_partner_category_ape
res_partner_category_ape_3103z,Fabrication de matelas,res_partner_category_ape
res_partner_category_ape_3109a,Fabrication de sièges d'ameublement d'intérieur,res_partner_category_ape
res_partner_category_ape_3109b,Fabrication d'autres meubles et industries connexes de l'ameublement,res_partner_category_ape
res_partner_category_ape_3211z,Frappe de monnaie,res_partner_category_ape
res_partner_category_ape_3212z,Fabrication d'articles de joaillerie et bijouterie,res_partner_category_ape
res_partner_category_ape_3213z,Fabrication d'articles de bijouterie fantaisie et articles similaires,res_partner_category_ape
res_partner_category_ape_3220z,Fabrication d'instruments de musique,res_partner_category_ape
res_partner_category_ape_3230z,Fabrication d'articles de sport,res_partner_category_ape
res_partner_category_ape_3240z,Fabrication de jeux et jouets,res_partner_category_ape
res_partner_category_ape_3250a,Fabrication de matériel médico-chirurgical et dentaire,res_partner_category_ape
res_partner_category_ape_3250b,Fabrication de lunettes,res_partner_category_ape
res_partner_category_ape_3291z,Fabrication d'articles de brosserie,res_partner_category_ape
res_partner_category_ape_3299z,Autres activités manufacturières n.c.a.,res_partner_category_ape
res_partner_category_ape_3311z,Réparation d'ouvrages en métaux,res_partner_category_ape
res_partner_category_ape_3312z,Réparation de machines et équipements mécaniques,res_partner_category_ape
res_partner_category_ape_3313z,Réparation de matériels électroniques et optiques,res_partner_category_ape
res_partner_category_ape_3314z,Réparation d'équipements électriques,res_partner_category_ape
res_partner_category_ape_3315z,Réparation et maintenance navale,res_partner_category_ape
res_partner_category_ape_3316z,Réparation et maintenance d'aéronefs et d'engins spatiaux,res_partner_category_ape
res_partner_category_ape_3317z,Réparation et maintenance d'autres équipements de transport,res_partner_category_ape
res_partner_category_ape_3319z,Réparation d'autres équipements,res_partner_category_ape
res_partner_category_ape_3320a,"Installation de structures métalliques, chaudronnées et de tuyauterie",res_partner_category_ape
res_partner_category_ape_3320b,Installation de machines et équipements mécaniques,res_partner_category_ape
res_partner_category_ape_3320c,Conception d'ensemble et assemblage sur site industriel d'équipements de contrôle des processus industriels,res_partner_category_ape
res_partner_category_ape_3320d,"Installation d'équipements électriques, de matériels électroniques et optiques ou d'autres matériels",res_partner_category_ape
res_partner_category_ape_3511z,Production d'électricité,res_partner_category_ape
res_partner_category_ape_3512z,Transport d'électricité,res_partner_category_ape
res_partner_category_ape_3513z,Distribution d'électricité,res_partner_category_ape
res_partner_category_ape_3514z,Commerce d'électricité,res_partner_category_ape
res_partner_category_ape_3521z,Production de combustibles gazeux,res_partner_category_ape
res_partner_category_ape_3522z,Distribution de combustibles gazeux par conduites,res_partner_category_ape
res_partner_category_ape_3523z,Commerce de combustibles gazeux par conduites,res_partner_category_ape
res_partner_category_ape_3530z,Production et distribution de vapeur et d'air conditionné,res_partner_category_ape
res_partner_category_ape_3600z,"Captage, traitement et distribution d'eau",res_partner_category_ape
res_partner_category_ape_3700z,Collecte et traitement des eaux usées,res_partner_category_ape
res_partner_category_ape_3811z,Collecte des déchets non dangereux,res_partner_category_ape
res_partner_category_ape_3812z,Collecte des déchets dangereux,res_partner_category_ape
res_partner_category_ape_3821z,Traitement et élimination des déchets non dangereux,res_partner_category_ape
res_partner_category_ape_3822z,Traitement et élimination des déchets dangereux,res_partner_category_ape
res_partner_category_ape_3831z,Démantèlement d'épaves,res_partner_category_ape
res_partner_category_ape_3832z,Récupération de déchets triés,res_partner_category_ape
res_partner_category_ape_3900z,Dépollution et autres services de gestion des déchets,res_partner_category_ape
res_partner_category_ape_4110a,Promotion immobilière de logements,res_partner_category_ape
res_partner_category_ape_4110b,Promotion immobilière de bureaux,res_partner_category_ape
res_partner_category_ape_4110c,Promotion immobilière d'autres bâtiments,res_partner_category_ape
res_partner_category_ape_4110d,Supports juridiques de programmes,res_partner_category_ape
res_partner_category_ape_4120a,Construction de maisons individuelles,res_partner_category_ape
res_partner_category_ape_4120b,Construction d'autres bâtiments,res_partner_category_ape
res_partner_category_ape_4211z,Construction de routes et autoroutes,res_partner_category_ape
res_partner_category_ape_4212z,Construction de voies ferrées de surface et souterraines,res_partner_category_ape
res_partner_category_ape_4213a,Construction d'ouvrages d'art,res_partner_category_ape
res_partner_category_ape_4213b,Construction et entretien de tunnels,res_partner_category_ape
res_partner_category_ape_4221z,Construction de réseaux pour fluides,res_partner_category_ape
res_partner_category_ape_4222z,Construction de réseaux électriques et de télécommunications,res_partner_category_ape
res_partner_category_ape_4291z,Construction d'ouvrages maritimes et fluviaux,res_partner_category_ape
res_partner_category_ape_4299z,Construction d'autres ouvrages de génie civil n.c.a.,res_partner_category_ape
res_partner_category_ape_4311z,Travaux de démolition,res_partner_category_ape
res_partner_category_ape_4312a,Travaux de terrassement courants et travaux préparatoires,res_partner_category_ape
res_partner_category_ape_4312b,Travaux de terrassement spécialisés ou de grande masse,res_partner_category_ape
res_partner_category_ape_4313z,Forages et sondages,res_partner_category_ape
res_partner_category_ape_4321a,Travaux d'installation électrique dans tous locaux,res_partner_category_ape
res_partner_category_ape_4321b,Travaux d'installation électrique sur la voie publique,res_partner_category_ape
res_partner_category_ape_4322a,Travaux d'installation d'eau et de gaz en tous locaux,res_partner_category_ape
res_partner_category_ape_4322b,Travaux d'installation d'équipements thermiques et de climatisation,res_partner_category_ape
res_partner_category_ape_4329a,Travaux d'isolation,res_partner_category_ape
res_partner_category_ape_4329b,Autres travaux d'installation n.c.a.,res_partner_category_ape
res_partner_category_ape_4331z,Travaux de plâtrerie,res_partner_category_ape
res_partner_category_ape_4332a,Travaux de menuiserie bois et PVC,res_partner_category_ape
res_partner_category_ape_4332b,Travaux de menuiserie métallique et serrurerie,res_partner_category_ape
res_partner_category_ape_4332c,Agencement de lieux de vente,res_partner_category_ape
res_partner_category_ape_4333z,Travaux de revêtement des sols et des murs,res_partner_category_ape
res_partner_category_ape_4334z,Travaux de peinture et vitrerie,res_partner_category_ape
res_partner_category_ape_4339z,Autres travaux de finition,res_partner_category_ape
res_partner_category_ape_4391a,Travaux de charpente,res_partner_category_ape
res_partner_category_ape_4391b,Travaux de couverture par éléments,res_partner_category_ape
res_partner_category_ape_4399a,Travaux d'étanchéification,res_partner_category_ape
res_partner_category_ape_4399b,Travaux de montage de structures métalliques,res_partner_category_ape
res_partner_category_ape_4399c,Travaux de maçonnerie générale et gros œuvre de bâtiment,res_partner_category_ape
res_partner_category_ape_4399d,Autres travaux spécialisés de construction,res_partner_category_ape
res_partner_category_ape_4399e,Location avec opérateur de matériel de construction,res_partner_category_ape
res_partner_category_ape_4511z,Commerce de voitures et de véhicules automobiles légers,res_partner_category_ape
res_partner_category_ape_4519z,Commerce d'autres véhicules automobiles,res_partner_category_ape
res_partner_category_ape_4520a,Entretien et réparation de véhicules automobiles légers,res_partner_category_ape
res_partner_category_ape_4520b,Entretien et réparation d'autres véhicules automobiles,res_partner_category_ape
res_partner_category_ape_4531z,Commerce de gros d'équipements automobiles,res_partner_category_ape
res_partner_category_ape_4532z,Commerce de détail d'équipements automobiles,res_partner_category_ape
res_partner_category_ape_4540z,Commerce et réparation de motocycles,res_partner_category_ape
res_partner_category_ape_4611z,"Intermédiaires du commerce en matières premières agricoles, animaux vivants, matières premières textiles et produits semi-finis",res_partner_category_ape
res_partner_category_ape_4612a,Centrales d'achat de carburant,res_partner_category_ape
res_partner_category_ape_4612b,"Autres intermédiaires du commerce en combustibles, métaux, minéraux et produits chimiques",res_partner_category_ape
res_partner_category_ape_4613z,Intermédiaires du commerce en bois et matériaux de construction,res_partner_category_ape
res_partner_category_ape_4614z,"Intermédiaires du commerce en machines, équipements industriels, navires et avions",res_partner_category_ape
res_partner_category_ape_4615z,"Intermédiaires du commerce en meubles, articles de ménage et quincaillerie",res_partner_category_ape
res_partner_category_ape_4616z,"Intermédiaires du commerce en textiles, habillement, fourrures, chaussures et articles en cuir",res_partner_category_ape
res_partner_category_ape_4617a,Centrales d'achat alimentaires,res_partner_category_ape
res_partner_category_ape_4617b,"Autres intermédiaires du commerce en denrées, boissons et tabac",res_partner_category_ape
res_partner_category_ape_4618z,Intermédiaires spécialisés dans le commerce d'autres produits spécifiques,res_partner_category_ape
res_partner_category_ape_4619a,Centrales d'achat non alimentaires,res_partner_category_ape
res_partner_category_ape_4619b,Autres intermédiaires du commerce en produits divers,res_partner_category_ape
res_partner_category_ape_4621z,"Commerce de gros (commerce interentreprises) de céréales, de tabac non manufacturé, de semences et d'aliments pour le bétail",res_partner_category_ape
res_partner_category_ape_4622z,Commerce de gros (commerce interentreprises) de fleurs et plantes,res_partner_category_ape
res_partner_category_ape_4623z,Commerce de gros (commerce interentreprises) d'animaux vivants,res_partner_category_ape
res_partner_category_ape_4624z,Commerce de gros (commerce interentreprises) de cuirs et peaux,res_partner_category_ape
res_partner_category_ape_4631z,Commerce de gros (commerce interentreprises) de fruits et légumes,res_partner_category_ape
res_partner_category_ape_4632a,Commerce de gros (commerce interentreprises) de viandes de boucherie,res_partner_category_ape
res_partner_category_ape_4632b,Commerce de gros (commerce interentreprises) de produits à base de viande,res_partner_category_ape
res_partner_category_ape_4632c,Commerce de gros (commerce interentreprises) de volailles et gibier,res_partner_category_ape
res_partner_category_ape_4633z,"Commerce de gros (commerce interentreprises) de produits laitiers, œufs, huiles et matières grasses comestibles",res_partner_category_ape
res_partner_category_ape_4634z,Commerce de gros (commerce interentreprises) de boissons,res_partner_category_ape
res_partner_category_ape_4635z,Commerce de gros (commerce interentreprises) de produits à base de tabac,res_partner_category_ape
res_partner_category_ape_4636z,"Commerce de gros (commerce interentreprises) de sucre, chocolat et confiserie",res_partner_category_ape
res_partner_category_ape_4637z,"Commerce de gros (commerce interentreprises) de café, thé, cacao et épices",res_partner_category_ape
res_partner_category_ape_4638a,"Commerce de gros (commerce interentreprises) de poissons, crustacés et mollusques",res_partner_category_ape
res_partner_category_ape_4638b,Commerce de gros (commerce interentreprises) alimentaire spécialisé divers,res_partner_category_ape
res_partner_category_ape_4639a,Commerce de gros (commerce interentreprises) de produits surgelés,res_partner_category_ape
res_partner_category_ape_4639b,Commerce de gros (commerce interentreprises) alimentaire non spécialisé,res_partner_category_ape
res_partner_category_ape_4641z,Commerce de gros (commerce interentreprises) de textiles,res_partner_category_ape
res_partner_category_ape_4642z,Commerce de gros (commerce interentreprises) d'habillement et de chaussures,res_partner_category_ape
res_partner_category_ape_4643z,Commerce de gros (commerce interentreprises) d'appareils électroménagers,res_partner_category_ape
res_partner_category_ape_4644z,"Commerce de gros (commerce interentreprises) de vaisselle, verrerie et produits d'entretien",res_partner_category_ape
res_partner_category_ape_4645z,Commerce de gros (commerce interentreprises) de parfumerie et de produits de beauté,res_partner_category_ape
res_partner_category_ape_4646z,Commerce de gros (commerce interentreprises) de produits pharmaceutiques,res_partner_category_ape
res_partner_category_ape_4647z,"Commerce de gros (commerce interentreprises) de meubles, de tapis et d'appareils d'éclairage",res_partner_category_ape
res_partner_category_ape_4648z,Commerce de gros (commerce interentreprises) d'articles d'horlogerie et de bijouterie,res_partner_category_ape
res_partner_category_ape_4649z,Commerce de gros (commerce interentreprises) d'autres biens domestiques,res_partner_category_ape
res_partner_category_ape_4651z,"Commerce de gros (commerce interentreprises) d'ordinateurs, d'équipements informatiques périphériques et de logiciels",res_partner_category_ape
res_partner_category_ape_4652z,Commerce de gros (commerce interentreprises) de composants et d'équipements électroniques et de télécommunication,res_partner_category_ape
res_partner_category_ape_4661z,Commerce de gros (commerce interentreprises) de matériel agricole,res_partner_category_ape
res_partner_category_ape_4662z,Commerce de gros (commerce interentreprises) de machines-outils,res_partner_category_ape
res_partner_category_ape_4663z,"Commerce de gros (commerce interentreprises) de machines pour l'extraction, la construction et le génie civil",res_partner_category_ape
res_partner_category_ape_4664z,Commerce de gros (commerce interentreprises) de machines pour l'industrie textile et l'habillement,res_partner_category_ape
res_partner_category_ape_4665z,Commerce de gros (commerce interentreprises) de mobilier de bureau,res_partner_category_ape
res_partner_category_ape_4666z,Commerce de gros (commerce interentreprises) d'autres machines et équipements de bureau,res_partner_category_ape
res_partner_category_ape_4669a,Commerce de gros (commerce interentreprises) de matériel électrique,res_partner_category_ape
res_partner_category_ape_4669b,Commerce de gros (commerce interentreprises) de fournitures et équipements industriels divers,res_partner_category_ape
res_partner_category_ape_4669c,Commerce de gros (commerce interentreprises) de fournitures et équipements divers pour le commerce et les services,res_partner_category_ape
res_partner_category_ape_4671z,Commerce de gros (commerce interentreprises) de combustibles et de produits annexes,res_partner_category_ape
res_partner_category_ape_4672z,Commerce de gros (commerce interentreprises) de minerais et métaux,res_partner_category_ape
res_partner_category_ape_4673a,Commerce de gros (commerce interentreprises) de bois et de matériaux de construction,res_partner_category_ape
res_partner_category_ape_4673b,Commerce de gros (commerce interentreprises) d'appareils sanitaires et de produits de décoration,res_partner_category_ape
res_partner_category_ape_4674a,Commerce de gros (commerce interentreprises) de quincaillerie,res_partner_category_ape
res_partner_category_ape_4674b,Commerce de gros (commerce interentreprises) de fournitures pour la plomberie et le chauffage,res_partner_category_ape
res_partner_category_ape_4675z,Commerce de gros (commerce interentreprises) de produits chimiques,res_partner_category_ape
res_partner_category_ape_4676z,Commerce de gros (commerce interentreprises) d'autres produits intermédiaires,res_partner_category_ape
res_partner_category_ape_4677z,Commerce de gros (commerce interentreprises) de déchets et débris,res_partner_category_ape
res_partner_category_ape_4690z,Commerce de gros (commerce interentreprises) non spécialisé,res_partner_category_ape
res_partner_category_ape_4711a,Commerce de détail de produits surgelés,res_partner_category_ape
res_partner_category_ape_4711b,Commerce d'alimentation générale,res_partner_category_ape
res_partner_category_ape_4711c,Supérettes,res_partner_category_ape
res_partner_category_ape_4711d,Supermarchés,res_partner_category_ape
res_partner_category_ape_4711e,Magasins multi-commerces,res_partner_category_ape
res_partner_category_ape_4711f,Hypermarchés,res_partner_category_ape
res_partner_category_ape_4719a,Grands magasins,res_partner_category_ape
res_partner_category_ape_4719b,Autres commerces de détail en magasin non spécialisé,res_partner_category_ape
res_partner_category_ape_4721z,Commerce de détail de fruits et légumes en magasin spécialisé,res_partner_category_ape
res_partner_category_ape_4722z,Commerce de détail de viandes et de produits à base de viande en magasin spécialisé,res_partner_category_ape
res_partner_category_ape_4723z,"Commerce de détail de poissons, crustacés et mollusques en magasin spécialisé",res_partner_category_ape
res_partner_category_ape_4724z,"Commerce de détail de pain, pâtisserie et confiserie en magasin spécialisé",res_partner_category_ape
res_partner_category_ape_4725z,Commerce de détail de boissons en magasin spécialisé,res_partner_category_ape
res_partner_category_ape_4726z,Commerce de détail de produits à base de tabac en magasin spécialisé,res_partner_category_ape
res_partner_category_ape_4729z,Autres commerces de détail alimentaires en magasin spécialisé,res_partner_category_ape
res_partner_category_ape_4730z,Commerce de détail de carburants en magasin spécialisé,res_partner_category_ape
res_partner_category_ape_4741z,"Commerce de détail d'ordinateurs, d'unités périphériques et de logiciels en magasin spécialisé",res_partner_category_ape
res_partner_category_ape_4742z,Commerce de détail de matériels de télécommunication en magasin spécialisé,res_partner_category_ape
res_partner_category_ape_4743z,Commerce de détail de matériels audio et vidéo en magasin spécialisé,res_partner_category_ape
res_partner_category_ape_4751z,Commerce de détail de textiles en magasin spécialisé,res_partner_category_ape
res_partner_category_ape_4752a,"Commerce de détail de quincaillerie, peintures et verres en petites surfaces (moins de 400 m²)",res_partner_category_ape
res_partner_category_ape_4752b,"Commerce de détail de quincaillerie, peintures et verres en grandes surfaces (400 m² et plus)",res_partner_category_ape
res_partner_category_ape_4753z,"Commerce de détail de tapis, moquettes et revêtements de murs et de sols en magasin spécialisé",res_partner_category_ape
res_partner_category_ape_4754z,Commerce de détail d'appareils électroménagers en magasin spécialisé,res_partner_category_ape
res_partner_category_ape_4759a,Commerce de détail de meubles,res_partner_category_ape
res_partner_category_ape_4759b,Commerce de détail d'autres équipements du foyer,res_partner_category_ape
res_partner_category_ape_4761z,Commerce de détail de livres en magasin spécialisé,res_partner_category_ape
res_partner_category_ape_4762z,Commerce de détail de journaux et papeterie en magasin spécialisé,res_partner_category_ape
res_partner_category_ape_4763z,Commerce de détail d'enregistrements musicaux et vidéo en magasin spécialisé,res_partner_category_ape
res_partner_category_ape_4764z,Commerce de détail d'articles de sport en magasin spécialisé,res_partner_category_ape
res_partner_category_ape_4765z,Commerce de détail de jeux et jouets en magasin spécialisé,res_partner_category_ape
res_partner_category_ape_4771z,Commerce de détail d'habillement en magasin spécialisé,res_partner_category_ape
res_partner_category_ape_4772a,Commerce de détail de la chaussure,res_partner_category_ape
res_partner_category_ape_4772b,Commerce de détail de maroquinerie et d'articles de voyage,res_partner_category_ape
res_partner_category_ape_4773z,Commerce de détail de produits pharmaceutiques en magasin spécialisé,res_partner_category_ape
res_partner_category_ape_4774z,Commerce de détail d'articles médicaux et orthopédiques en magasin spécialisé,res_partner_category_ape
res_partner_category_ape_4775z,Commerce de détail de parfumerie et de produits de beauté en magasin spécialisé,res_partner_category_ape
res_partner_category_ape_4776z,"Commerce de détail de fleurs, plantes, graines, engrais, animaux de compagnie et aliments pour ces animaux en magasin spécialisé",res_partner_category_ape
res_partner_category_ape_4777z,Commerce de détail d'articles d'horlogerie et de bijouterie en magasin spécialisé,res_partner_category_ape
res_partner_category_ape_4778a,Commerces de détail d'optique,res_partner_category_ape
res_partner_category_ape_4778b,Commerces de détail de charbons et combustibles,res_partner_category_ape
res_partner_category_ape_4778c,Autres commerces de détail spécialisés divers,res_partner_category_ape
res_partner_category_ape_4779z,Commerce de détail de biens d'occasion en magasin,res_partner_category_ape
res_partner_category_ape_4781z,Commerce de détail alimentaire sur éventaires et marchés,res_partner_category_ape
res_partner_category_ape_4782z,"Commerce de détail de textiles, d'habillement et de chaussures sur éventaires et marchés",res_partner_category_ape
res_partner_category_ape_4789z,Autres commerces de détail sur éventaires et marchés,res_partner_category_ape
res_partner_category_ape_4791a,Vente à distance sur catalogue général,res_partner_category_ape
res_partner_category_ape_4791b,Vente à distance sur catalogue spécialisé,res_partner_category_ape
res_partner_category_ape_4799a,Vente à domicile,res_partner_category_ape
res_partner_category_ape_4799b,"Vente par automates et autres commerces de détail hors magasin, éventaires ou marchés n.c.a.",res_partner_category_ape
res_partner_category_ape_4910z,Transport ferroviaire interurbain de voyageurs,res_partner_category_ape
res_partner_category_ape_4920z,Transports ferroviaires de fret,res_partner_category_ape
res_partner_category_ape_4931z,Transports urbains et suburbains de voyageurs,res_partner_category_ape
res_partner_category_ape_4932z,Transports de voyageurs par taxis,res_partner_category_ape
res_partner_category_ape_4939a,Transports routiers réguliers de voyageurs,res_partner_category_ape
res_partner_category_ape_4939b,Autres transports routiers de voyageurs,res_partner_category_ape
res_partner_category_ape_4939c,Téléphériques et remontées mécaniques,res_partner_category_ape
res_partner_category_ape_4941a,Transports routiers de fret interurbains,res_partner_category_ape
res_partner_category_ape_4941b,Transports routiers de fret de proximité,res_partner_category_ape
res_partner_category_ape_4941c,Location de camions avec chauffeur,res_partner_category_ape
res_partner_category_ape_4942z,Services de déménagement,res_partner_category_ape
res_partner_category_ape_4950z,Transports par conduites,res_partner_category_ape
res_partner_category_ape_5010z,Transports maritimes et côtiers de passagers,res_partner_category_ape
res_partner_category_ape_5020z,Transports maritimes et côtiers de fret,res_partner_category_ape
res_partner_category_ape_5030z,Transports fluviaux de passagers,res_partner_category_ape
res_partner_category_ape_5040z,Transports fluviaux de fret,res_partner_category_ape
res_partner_category_ape_5110z,Transports aériens de passagers,res_partner_category_ape
res_partner_category_ape_5121z,Transports aériens de fret,res_partner_category_ape
res_partner_category_ape_5122z,Transports spatiaux,res_partner_category_ape
res_partner_category_ape_5210a,Entreposage et stockage frigorifique,res_partner_category_ape
res_partner_category_ape_5210b,Entreposage et stockage non frigorifique,res_partner_category_ape
res_partner_category_ape_5221z,Services auxiliaires des transports terrestres,res_partner_category_ape
res_partner_category_ape_5222z,Services auxiliaires des transports par eau,res_partner_category_ape
res_partner_category_ape_5223z,Services auxiliaires des transports aériens,res_partner_category_ape
res_partner_category_ape_5224a,Manutention portuaire,res_partner_category_ape
res_partner_category_ape_5224b,Manutention non portuaire,res_partner_category_ape
res_partner_category_ape_5229a,"Messagerie, fret express",res_partner_category_ape
res_partner_category_ape_5229b,Affrètement et organisation des transports,res_partner_category_ape
res_partner_category_ape_5310z,Activités de poste dans le cadre d'une obligation de service universel,res_partner_category_ape
res_partner_category_ape_5320z,Autres activités de poste et de courrier,res_partner_category_ape
res_partner_category_ape_5510z,Hôtels et hébergement similaire,res_partner_category_ape
res_partner_category_ape_5520z,Hébergement touristique et autre hébergement de courte durée,res_partner_category_ape
res_partner_category_ape_5530z,Terrains de camping et parcs pour caravanes ou véhicules de loisirs,res_partner_category_ape
res_partner_category_ape_5590z,Autres hébergements,res_partner_category_ape
res_partner_category_ape_5610a,Restauration traditionnelle,res_partner_category_ape
res_partner_category_ape_5610b,Cafétérias et autres libres-services,res_partner_category_ape
res_partner_category_ape_5610c,Restauration de type rapide,res_partner_category_ape
res_partner_category_ape_5621z,Services des traiteurs,res_partner_category_ape
res_partner_category_ape_5629a,Restauration collective sous contrat,res_partner_category_ape
res_partner_category_ape_5629b,Autres services de restauration n.c.a.,res_partner_category_ape
res_partner_category_ape_5630z,Débits de boissons,res_partner_category_ape
res_partner_category_ape_5811z,Édition de livres,res_partner_category_ape
res_partner_category_ape_5812z,Édition de répertoires et de fichiers d'adresses,res_partner_category_ape
res_partner_category_ape_5813z,Édition de journaux,res_partner_category_ape
res_partner_category_ape_5814z,Édition de revues et périodiques,res_partner_category_ape
res_partner_category_ape_5819z,Autres activités d'édition,res_partner_category_ape
res_partner_category_ape_5821z,Édition de jeux électroniques,res_partner_category_ape
res_partner_category_ape_5829a,Édition de logiciels système et de réseau,res_partner_category_ape
res_partner_category_ape_5829b,Édition de logiciels outils de développement et de langages,res_partner_category_ape
res_partner_category_ape_5829c,Édition de logiciels applicatifs,res_partner_category_ape
res_partner_category_ape_5911a,Production de films et de programmes pour la télévision,res_partner_category_ape
res_partner_category_ape_5911b,Production de films institutionnels et publicitaires,res_partner_category_ape
res_partner_category_ape_5911c,Production de films pour le cinéma,res_partner_category_ape
res_partner_category_ape_5912z,"Post-production de films cinématographiques, de vidéo et de programmes de télévision",res_partner_category_ape
res_partner_category_ape_5913a,Distribution de films cinématographiques,res_partner_category_ape
res_partner_category_ape_5913b,Édition et distribution vidéo,res_partner_category_ape
res_partner_category_ape_5914z,Projection de films cinématographiques,res_partner_category_ape
res_partner_category_ape_5920z,Enregistrement sonore et édition musicale,res_partner_category_ape
res_partner_category_ape_6010z,Édition et diffusion de programmes radio,res_partner_category_ape
res_partner_category_ape_6020a,Édition de chaînes généralistes,res_partner_category_ape
res_partner_category_ape_6020b,Édition de chaînes thématiques,res_partner_category_ape
res_partner_category_ape_6110z,Télécommunications filaires,res_partner_category_ape
res_partner_category_ape_6120z,Télécommunications sans fil,res_partner_category_ape
res_partner_category_ape_6130z,Télécommunications par satellite,res_partner_category_ape
res_partner_category_ape_6190z,Autres activités de télécommunication,res_partner_category_ape
res_partner_category_ape_6201z,Programmation informatique,res_partner_category_ape
res_partner_category_ape_6202a,Conseil en systèmes et logiciels informatiques,res_partner_category_ape
res_partner_category_ape_6202b,Tierce maintenance de systèmes et d'applications informatiques,res_partner_category_ape
res_partner_category_ape_6203z,Gestion d'installations informatiques,res_partner_category_ape
res_partner_category_ape_6209z,Autres activités informatiques,res_partner_category_ape
res_partner_category_ape_6311z,"Traitement de données, hébergement et activités connexes",res_partner_category_ape
res_partner_category_ape_6312z,Portails Internet,res_partner_category_ape
res_partner_category_ape_6391z,Activités des agences de presse,res_partner_category_ape
res_partner_category_ape_6399z,Autres services d'information n.c.a.,res_partner_category_ape
res_partner_category_ape_6411z,Activités de banque centrale,res_partner_category_ape
res_partner_category_ape_6419z,Autres intermédiations monétaires,res_partner_category_ape
res_partner_category_ape_6420z,Activités des sociétés holding,res_partner_category_ape
res_partner_category_ape_6430z,Fonds de placement et entités financières similaires,res_partner_category_ape
res_partner_category_ape_6491z,Crédit-bail,res_partner_category_ape
res_partner_category_ape_6492z,Autre distribution de crédit,res_partner_category_ape
res_partner_category_ape_6499z,"Autres activités des services financiers, hors assurance et caisses de retraite, n.c.a.",res_partner_category_ape
res_partner_category_ape_6511z,Assurance vie,res_partner_category_ape
res_partner_category_ape_6512z,Autres assurances,res_partner_category_ape
res_partner_category_ape_6520z,Réassurance,res_partner_category_ape
res_partner_category_ape_6530z,Caisses de retraite,res_partner_category_ape
res_partner_category_ape_6611z,Administration de marchés financiers,res_partner_category_ape
res_partner_category_ape_6612z,Courtage de valeurs mobilières et de marchandises,res_partner_category_ape
res_partner_category_ape_6619a,Supports juridiques de gestion de patrimoine mobilier,res_partner_category_ape
res_partner_category_ape_6619b,"Autres activités auxiliaires de services financiers, hors assurance et caisses de retraite, n.c.a.",res_partner_category_ape
res_partner_category_ape_6621z,Évaluation des risques et dommages,res_partner_category_ape
res_partner_category_ape_6622z,Activités des agents et courtiers d'assurances,res_partner_category_ape
res_partner_category_ape_6629z,Autres activités auxiliaires d'assurance et de caisses de retraite,res_partner_category_ape
res_partner_category_ape_6630z,Gestion de fonds,res_partner_category_ape
res_partner_category_ape_6810z,Activités des marchands de biens immobiliers,res_partner_category_ape
res_partner_category_ape_6820a,Location de logements,res_partner_category_ape
res_partner_category_ape_6820b,Location de terrains et d'autres biens immobiliers,res_partner_category_ape
res_partner_category_ape_6831z,Agences immobilières,res_partner_category_ape
res_partner_category_ape_6832a,Administration d'immeubles et autres biens immobiliers,res_partner_category_ape
res_partner_category_ape_6832b,Supports juridiques de gestion de patrimoine immobilier,res_partner_category_ape
res_partner_category_ape_6910z,Activités juridiques,res_partner_category_ape
res_partner_category_ape_6920z,Activités comptables,res_partner_category_ape
res_partner_category_ape_7010z,Activités des sièges sociaux,res_partner_category_ape
res_partner_category_ape_7021z,Conseil en relations publiques et communication,res_partner_category_ape
res_partner_category_ape_7022z,Conseil pour les affaires et autres conseils de gestion,res_partner_category_ape
res_partner_category_ape_7111z,Activités d'architecture,res_partner_category_ape
res_partner_category_ape_7112a,Activité des géomètres,res_partner_category_ape
res_partner_category_ape_7112b,"Ingénierie, études techniques",res_partner_category_ape
res_partner_category_ape_7120a,Contrôle technique automobile,res_partner_category_ape
res_partner_category_ape_7120b,"Analyses, essais et inspections techniques",res_partner_category_ape
res_partner_category_ape_7211z,Recherche-développement en biotechnologie,res_partner_category_ape
res_partner_category_ape_7219z,Recherche-développement en autres sciences physiques et naturelles,res_partner_category_ape
res_partner_category_ape_7220z,Recherche-développement en sciences humaines et sociales,res_partner_category_ape
res_partner_category_ape_7311z,Activités des agences de publicité,res_partner_category_ape
res_partner_category_ape_7312z,Régie publicitaire de médias,res_partner_category_ape
res_partner_category_ape_7320z,Études de marché et sondages,res_partner_category_ape
res_partner_category_ape_7410z,Activités spécialisées de design,res_partner_category_ape
res_partner_category_ape_7420z,Activités photographiques,res_partner_category_ape
res_partner_category_ape_7430z,Traduction et interprétation,res_partner_category_ape
res_partner_category_ape_7490a,Activité des économistes de la construction,res_partner_category_ape
res_partner_category_ape_7490b,"Activités spécialisées, scientifiques et techniques diverses",res_partner_category_ape
res_partner_category_ape_7500z,Activités vétérinaires,res_partner_category_ape
res_partner_category_ape_7711a,Location de courte durée de voitures et de véhicules automobiles légers,res_partner_category_ape
res_partner_category_ape_7711b,Location de longue durée de voitures et de véhicules automobiles légers,res_partner_category_ape
res_partner_category_ape_7712z,Location et location-bail de camions,res_partner_category_ape
res_partner_category_ape_7721z,Location et location-bail d'articles de loisirs et de sport,res_partner_category_ape
res_partner_category_ape_7722z,Location de vidéocassettes et disques vidéo,res_partner_category_ape
res_partner_category_ape_7729z,Location et location-bail d'autres biens personnels et domestiques,res_partner_category_ape
res_partner_category_ape_7731z,Location et location-bail de machines et équipements agricoles,res_partner_category_ape
res_partner_category_ape_7732z,Location et location-bail de machines et équipements pour la construction,res_partner_category_ape
res_partner_category_ape_7733z,Location et location-bail de machines de bureau et de matériel informatique,res_partner_category_ape
res_partner_category_ape_7734z,Location et location-bail de matériels de transport par eau,res_partner_category_ape
res_partner_category_ape_7735z,Location et location-bail de matériels de transport aérien,res_partner_category_ape
res_partner_category_ape_7739z,"Location et location-bail d'autres machines, équipements et biens matériels n.c.a.",res_partner_category_ape
res_partner_category_ape_7740z,"Location-bail de propriété intellectuelle et de produits similaires, à l'exception des œuvres soumises à copyright",res_partner_category_ape
res_partner_category_ape_7810z,Activités des agences de placement de main-d'œuvre,res_partner_category_ape
res_partner_category_ape_7820z,Activités des agences de travail temporaire,res_partner_category_ape
res_partner_category_ape_7830z,Autre mise à disposition de ressources humaines,res_partner_category_ape
res_partner_category_ape_7911z,Activités des agences de voyage,res_partner_category_ape
res_partner_category_ape_7912z,Activités des voyagistes,res_partner_category_ape
res_partner_category_ape_7990z,Autres services de réservation et activités connexes,res_partner_category_ape
res_partner_category_ape_8010z,Activités de sécurité privée,res_partner_category_ape
res_partner_category_ape_8020z,Activités liées aux systèmes de sécurité,res_partner_category_ape
res_partner_category_ape_8030z,Activités d'enquête,res_partner_category_ape
res_partner_category_ape_8110z,Activités combinées de soutien lié aux bâtiments,res_partner_category_ape
res_partner_category_ape_8121z,Nettoyage courant des bâtiments,res_partner_category_ape
res_partner_category_ape_8122z,Autres activités de nettoyage des bâtiments et nettoyage industriel,res_partner_category_ape
res_partner_category_ape_8129a,"Désinfection, désinsectisation, dératisation",res_partner_category_ape
res_partner_category_ape_8129b,Autres activités de nettoyage n.c.a.,res_partner_category_ape
res_partner_category_ape_8130z,Services d'aménagement paysager,res_partner_category_ape
res_partner_category_ape_8211z,Services administratifs combinés de bureau,res_partner_category_ape
res_partner_category_ape_8219z,"Photocopie, préparation de documents et autres activités spécialisées de soutien de bureau",res_partner_category_ape
res_partner_category_ape_8220z,Activités de centres d'appels,res_partner_category_ape
res_partner_category_ape_8230z,"Organisation de foires, salons professionnels et congrès",res_partner_category_ape
res_partner_category_ape_8291z,Activités des agences de recouvrement de factures et des sociétés d'information financière sur la clientèle,res_partner_category_ape
res_partner_category_ape_8292z,Activités de conditionnement,res_partner_category_ape
res_partner_category_ape_8299z,Autres activités de soutien aux entreprises n.c.a.,res_partner_category_ape
res_partner_category_ape_8411z,Administration publique générale,res_partner_category_ape
res_partner_category_ape_8412z,"Administration publique (tutelle) de la santé, de la formation, de la culture et des services sociaux, autre que sécurité sociale",res_partner_category_ape
res_partner_category_ape_8413z,Administration publique (tutelle) des activités économiques,res_partner_category_ape
res_partner_category_ape_8421z,Affaires étrangères,res_partner_category_ape
res_partner_category_ape_8422z,Défense,res_partner_category_ape
res_partner_category_ape_8423z,Justice,res_partner_category_ape
res_partner_category_ape_8424z,Activités d'ordre public et de sécurité,res_partner_category_ape
res_partner_category_ape_8425z,Services du feu et de secours,res_partner_category_ape
res_partner_category_ape_8430a,Activités générales de sécurité sociale,res_partner_category_ape
res_partner_category_ape_8430b,Gestion des retraites complémentaires,res_partner_category_ape
res_partner_category_ape_8430c,Distribution sociale de revenus,res_partner_category_ape
res_partner_category_ape_8510z,Enseignement pré-primaire,res_partner_category_ape
res_partner_category_ape_8520z,Enseignement primaire,res_partner_category_ape
res_partner_category_ape_8531z,Enseignement secondaire général,res_partner_category_ape
res_partner_category_ape_8532z,Enseignement secondaire technique ou professionnel,res_partner_category_ape
res_partner_category_ape_8541z,Enseignement post-secondaire non supérieur,res_partner_category_ape
res_partner_category_ape_8542z,Enseignement supérieur,res_partner_category_ape
res_partner_category_ape_8551z,Enseignement de disciplines sportives et d'activités de loisirs,res_partner_category_ape
res_partner_category_ape_8552z,Enseignement culturel,res_partner_category_ape
res_partner_category_ape_8553z,Enseignement de la conduite,res_partner_category_ape
res_partner_category_ape_8559a,Formation continue d'adultes,res_partner_category_ape
res_partner_category_ape_8559b,Autres enseignements,res_partner_category_ape
res_partner_category_ape_8560z,Activités de soutien à l'enseignement,res_partner_category_ape
res_partner_category_ape_8610z,Activités hospitalières,res_partner_category_ape
res_partner_category_ape_8621z,Activité des médecins généralistes,res_partner_category_ape
res_partner_category_ape_8622a,Activités de radiodiagnostic et de radiothérapie,res_partner_category_ape
res_partner_category_ape_8622b,Activités chirurgicales,res_partner_category_ape
res_partner_category_ape_8622c,Autres activités des médecins spécialistes,res_partner_category_ape
res_partner_category_ape_8623z,Pratique dentaire,res_partner_category_ape
res_partner_category_ape_8690a,Ambulances,res_partner_category_ape
res_partner_category_ape_8690b,Laboratoires d'analyses médicales,res_partner_category_ape
res_partner_category_ape_8690c,Centres de collecte et banques d'organes,res_partner_category_ape
res_partner_category_ape_8690d,Activités des infirmiers et des sages-femmes,res_partner_category_ape
res_partner_category_ape_8690e,"Activités des professionnels de la rééducation, de l'appareillage et des pédicures-podologues",res_partner_category_ape
res_partner_category_ape_8690f,Activités de santé humaine non classées ailleurs,res_partner_category_ape
res_partner_category_ape_8710a,Hébergement médicalisé pour personnes âgées,res_partner_category_ape
res_partner_category_ape_8710b,Hébergement médicalisé pour enfants handicapés,res_partner_category_ape
res_partner_category_ape_8710c,Hébergement médicalisé pour adultes handicapés et autre hébergement médicalisé,res_partner_category_ape
res_partner_category_ape_8720a,Hébergement social pour handicapés mentaux et malades mentaux,res_partner_category_ape
res_partner_category_ape_8720b,Hébergement social pour toxicomanes,res_partner_category_ape
res_partner_category_ape_8730a,Hébergement social pour personnes âgées,res_partner_category_ape
res_partner_category_ape_8730b,Hébergement social pour handicapés physiques,res_partner_category_ape
res_partner_category_ape_8790a,Hébergement social pour enfants en difficultés,res_partner_category_ape
res_partner_category_ape_8790b,Hébergement social pour adultes et familles en difficultés et autre hébergement social,res_partner_category_ape
res_partner_category_ape_8810a,Aide à domicile,res_partner_category_ape
res_partner_category_ape_8810b,Accueil ou accompagnement sans hébergement d'adultes handicapés ou de personnes âgées,res_partner_category_ape
res_partner_category_ape_8810c,Aide par le travail,res_partner_category_ape
res_partner_category_ape_8891a,Accueil de jeunes enfants,res_partner_category_ape
res_partner_category_ape_8891b,Accueil ou accompagnement sans hébergement d'enfants handicapés,res_partner_category_ape
res_partner_category_ape_8899a,Autre accueil ou accompagnement sans hébergement d'enfants et d'adolescents,res_partner_category_ape
res_partner_category_ape_8899b,Action sociale sans hébergement n.c.a.,res_partner_category_ape
res_partner_category_ape_9001z,Arts du spectacle vivant,res_partner_category_ape
res_partner_category_ape_9002z,Activités de soutien au spectacle vivant,res_partner_category_ape
res_partner_category_ape_9003a,Création artistique relevant des arts plastiques,res_partner_category_ape
res_partner_category_ape_9003b,Autre création artistique,res_partner_category_ape
res_partner_category_ape_9004z,Gestion de salles de spectacles,res_partner_category_ape
res_partner_category_ape_9101z,Gestion des bibliothèques et des archives,res_partner_category_ape
res_partner_category_ape_9102z,Gestion des musées,res_partner_category_ape
res_partner_category_ape_9103z,Gestion des sites et monuments historiques et des attractions touristiques similaires,res_partner_category_ape
res_partner_category_ape_9104z,Gestion des jardins botaniques et zoologiques et des réserves naturelles,res_partner_category_ape
res_partner_category_ape_9200z,Organisation de jeux de hasard et d'argent,res_partner_category_ape
res_partner_category_ape_9311z,Gestion d'installations sportives,res_partner_category_ape
res_partner_category_ape_9312z,Activités de clubs de sports,res_partner_category_ape
res_partner_category_ape_9313z,Activités des centres de culture physique,res_partner_category_ape
res_partner_category_ape_9319z,Autres activités liées au sport,res_partner_category_ape
res_partner_category_ape_9321z,Activités des parcs d'attractions et parcs à thèmes,res_partner_category_ape
res_partner_category_ape_9329z,Autres activités récréatives et de loisirs,res_partner_category_ape
res_partner_category_ape_9411z,Activités des organisations patronales et consulaires,res_partner_category_ape
res_partner_category_ape_9412z,Activités des organisations professionnelles,res_partner_category_ape
res_partner_category_ape_9420z,Activités des syndicats de salariés,res_partner_category_ape
res_partner_category_ape_9491z,Activités des organisations religieuses,res_partner_category_ape
res_partner_category_ape_9492z,Activités des organisations politiques,res_partner_category_ape
res_partner_category_ape_9499z,Autres organisations fonctionnant par adhésion volontaire,res_partner_category_ape
res_partner_category_ape_9511z,Réparation d'ordinateurs et d'équipements périphériques,res_partner_category_ape
res_partner_category_ape_9512z,Réparation d'équipements de communication,res_partner_category_ape
res_partner_category_ape_9521z,Réparation de produits électroniques grand public,res_partner_category_ape
res_partner_category_ape_9522z,Réparation d'appareils électroménagers et d'équipements pour la maison et le jardin,res_partner_category_ape
res_partner_category_ape_9523z,Réparation de chaussures et d'articles en cuir,res_partner_category_ape
res_partner_category_ape_9524z,Réparation de meubles et d'équipements du foyer,res_partner_category_ape
res_partner_category_ape_9525z,Réparation d'articles d'horlogerie et de bijouterie,res_partner_category_ape
res_partner_category_ape_9529z,Réparation d'autres biens personnels et domestiques,res_partner_category_ape
res_partner_category_ape_9601a,Blanchisserie-teinturerie de gros,res_partner_category_ape
res_partner_category_ape_9601b,Blanchisserie-teinturerie de détail,res_partner_category_ape
res_partner_category_ape_9602a,Coiffure,res_partner_category_ape
res_partner_category_ape_9602b,Soins de beauté,res_partner_category_ape
res_partner_category_ape_9603z,Services funéraires,res_partner_category_ape
res_partner_category_ape_9604z,Entretien corporel,res_partner_category_ape
res_partner_category_ape_9609z,Autres services personnels n.c.a.,res_partner_category_ape
res_partner_category_ape_9700z,Activités des ménages en tant qu'employeurs de personnel domestique,res_partner_category_ape
res_partner_category_ape_9810z,Activités indifférenciées des ménages en tant que producteurs de biens pour usage propre,res_partner_category_ape
res_partner_category_ape_9820z,Activités indifférenciées des ménages en tant que producteurs de services pour usage propre,res_partner_category_ape
res_partner_category_ape_9900z,Activités des organisations et organismes extraterritoriaux,res_partner_category_ape
